DATE,TYPE,E_0000_WH,E_0030_WH,E_0100_WH,E_0130_WH,E_0200_WH,E_0230_WH,E_0300_WH,E_0330_WH,E_0400_WH,E_0430_WH,E_0500_WH,E_0530_WH,E_0600_WH,E_0630_WH,E_0700_WH,E_0730_WH,E_0800_WH,E_0830_WH,E_0900_WH,E_0930_WH,E_1000_WH,E_1030_WH,E_1100_WH,E_1130_WH,E_1200_WH,E_1230_WH,E_1300_WH,E_1330_WH,E_1400_WH,E_1430_WH,E_1500_WH,E_1530_WH,E_1600_WH,E_1630_WH,E_1700_WH,E_1730_WH,E_1800_WH,E_1830_WH,E_1900_WH,E_1930_WH,E_2000_WH,E_2030_WH,E_2100_WH,E_2130_WH,E_2200_WH,E_2230_WH,E_2300_WH,E_2330_WH
2013/01/01,general,554,588,518,516,660,614,324,312,298,294,472,284,308,306,300,302,272,266,262,264,262,262,260,334,386,326,760,440,364,402,826,572,1020,838,868,1010,650,694,580,598,786,872,966,1152,1160,768,872,736
2013/01/02,general,656,622,286,442,310,328,344,208,326,182,308,126,318,128,314,130,330,170,380,374,332,282,142,316,104,618,398,278,232,304,172,304,272,320,246,368,234,570,568,498,478,504,490,1128,730,684,922,708
2013/01/03,general,768,760,582,608,308,294,100,262,110,230,144,180,186,142,226,104,248,94,236,124,238,222,320,408,800,528,630,618,770,796,696,638,650,630,568,508,656,512,742,860,1408,1120,672,538,620,612,730,530
2013/01/04,general,566,574,606,564,738,408,428,344,284,330,280,340,286,372,290,422,316,352,360,290,412,280,466,416,424,426,396,364,486,610,516,496,476,612,618,610,668,786,722,688,894,894,918,1042,1298,692,934,854
2013/01/05,general,978,900,738,766,572,452,574,452,460,444,428,266,422,354,252,392,230,378,300,290,368,210,374,284,366,714,774,846,578,448,490,1338,680,690,566,1000,938,464,432,524,878,932,972,612,904,578,500,438
2013/01/06,general,784,428,652,332,380,224,262,128,382,134,288,162,242,202,206,238,162,268,114,234,90,230,92,240,108,250,378,322,1022,616,578,428,420,526,522,580,556,830,716,1034,664,856,832,1140,1226,1222,680,1098
2013/01/07,general,624,474,376,446,354,296,448,320,364,256,276,242,284,228,270,148,352,292,340,170,214,188,226,228,204,248,186,276,292,304,138,308,174,324,296,292,490,568,476,254,254,250,258,458,574,650,660,788
2013/01/08,general,808,728,816,984,528,542,450,318,304,368,204,388,216,326,254,240,296,172,342,160,310,212,250,274,230,956,402,358,500,196,502,844,722,682,718,716,718,542,652,632,644,702,712,756,560,756,910,834
2013/01/09,general,546,1050,752,838,742,530,382,192,362,186,362,194,318,228,280,218,188,260,218,354,162,248,216,290,314,300,366,216,724,326,652,650,440,296,580,596,824,804,628,412,760,776,1232,1944,772,782,772,766
2013/01/10,general,1004,1282,550,1134,1018,422,276,328,104,236,150,274,198,236,234,186,260,170,300,150,454,324,344,218,252,272,304,344,280,1474,400,374,250,468,492,722,420,638,438,1310,1886,976,772,700,748,1264,1032,590
2013/01/11,general,956,616,568,648,504,456,256,410,236,396,346,326,244,310,248,262,230,252,278,192,402,184,612,494,668,562,754,686,644,684,704,596,884,944,792,744,724,688,1132,866,1050,974,1264,1000,698,724,828,740
2013/01/12,general,710,580,418,536,398,488,288,328,192,260,254,218,152,218,160,214,150,210,162,198,166,210,180,182,202,170,224,472,508,432,390,366,228,426,522,406,456,216,160,162,146,170,124,192,796,738,468,764
2013/01/13,general,586,696,556,612,666,350,322,494,296,168,200,148,160,108,194,64,206,86,170,128,122,172,86,326,158,390,192,462,206,288,286,140,264,152,228,300,384,462,326,606,918,626,414,954,1132,1004,638,836
2013/01/14,general,1056,644,628,838,632,824,482,164,178,224,116,210,100,180,166,120,182,236,354,114,226,230,258,270,238,664,756,862,660,488,596,546,418,594,474,548,370,492,374,444,474,514,1094,626,652,974,380,644
2013/01/15,general,756,666,388,738,334,282,162,152,196,116,212,92,244,56,212,58,218,54,202,78,182,110,176,196,172,422,168,312,216,284,238,294,538,1090,864,530,512,530,366,462,514,610,578,700,776,838,788,470
2013/01/16,general,530,542,604,362,374,258,232,184,212,202,198,220,168,238,174,216,100,318,408,364,288,278,342,250,610,238,436,630,686,1370,674,1016,518,428,622,374,592,964,812,784,610,866,506,790,1348,1048,1000,730
2013/01/17,general,830,586,734,430,406,194,372,174,338,160,330,162,342,118,304,88,264,92,258,138,344,168,184,218,156,376,682,750,556,550,550,520,616,544,670,634,626,482,894,966,930,918,700,982,684,730,706,800
2013/01/18,general,786,656,708,698,326,288,396,246,346,344,268,384,222,352,300,274,494,374,382,376,346,268,380,294,208,350,204,290,470,514,628,350,360,462,254,408,346,302,580,316,384,420,214,644,528,776,1000,966
2013/01/19,general,814,764,488,510,524,472,282,232,220,190,88,212,60,212,70,208,88,198,94,178,178,268,322,278,184,370,640,998,612,470,944,488,384,358,332,392,444,402,556,442,542,438,696,610,790,1060,858,618
2013/01/20,general,696,856,750,656,636,454,294,86,248,96,288,92,168,120,138,146,110,174,92,192,76,212,68,258,144,308,424,518,392,520,918,470,256,1228,778,704,680,630,646,584,1082,1040,920,864,904,804,708,612
2013/01/21,general,466,410,668,336,380,254,198,234,144,254,192,202,168,194,340,226,250,56,244,184,121,56,267,201,322,322,387,360,325,132,213,150,191,133,265,180,268,270,329,442,307,349,346,245,315,261,303,626
2013/01/22,general,316,367,260,358,228,166,80,121,98,122,41,105,61,78,84,53,159,35,199,109,129,53,129,58,142,53,304,168,303,230,313,275,232,411,271,223,248,256,204,375,336,441,631,543,477,488,336,418
2013/01/23,general,334,327,277,246,74,144,66,134,86,107,104,84,129,41,120,65,87,89,68,109,115,171,104,185,236,610,278,232,173,434,349,320,274,372,394,314,219,387,386,369,348,328,395,360,386,395,375,342
2013/01/24,general,351,305,289,174,113,80,105,68,113,194,153,71,74,71,73,62,83,55,89,61,218,107,234,227,300,243,326,273,331,486,262,315,284,292,310,264,326,232,346,228,460,552,354,306,363,265,236,185
2013/01/25,general,195,300,328,294,181,115,217,203,149,149,127,153,121,162,158,181,188,182,105,166,132,138,140,110,162,148,181,262,696,341,385,287,260,401,469,563,525,427,472,308,562,257,252,259,275,460,340,449
2013/01/26,general,377,415,400,510,349,348,238,142,73,73,85,54,107,51,118,42,117,49,108,61,103,136,176,156,121,75,153,210,143,148,211,281,156,213,228,205,172,174,189,290,208,328,250,390,241,289,238,353
2013/01/27,general,225,311,229,373,233,305,178,225,61,109,48,105,39,108,30,117,45,119,44,116,51,110,57,98,100,874,170,239,82,154,162,153,640,502,176,341,410,390,419,436,426,400,354,365,347,322,328,716
2013/01/28,general,287,297,241,234,226,163,74,100,40,107,45,117,42,116,44,112,53,103,58,100,66,99,110,254,324,838,985,298,328,329,498,331,322,408,373,428,385,321,470,442,511,601,451,556,435,385,439,463
2013/01/29,general,360,402,279,147,138,131,110,137,102,134,103,107,89,101,64,74,69,64,77,68,131,108,160,106,347,161,282,106,350,295,310,186,204,164,93,168,125,195,129,171,208,233,239,203,324,464,346,358
2013/01/30,general,271,372,236,168,58,129,54,128,58,126,89,118,57,119,70,162,133,84,56,103,41,158,79,162,77,170,119,152,145,292,130,120,258,124,201,97,181,379,300,146,180,133,224,285,378,374,372,311
2013/01/31,general,309,730,298,218,123,102,109,104,104,100,102,99,96,100,89,95,77,100,129,95,104,67,122,38,232,142,108,312,311,299,365,375,197,196,312,239,290,277,333,387,606,620,297,325,330,512,362,330
2013/02/01,general,317,339,275,263,158,226,158,142,59,147,59,137,60,176,41,112,31,101,172,102,31,107,68,146,70,157,99,299,97,157,77,240,110,430,507,334,248,322,323,442,598,513,442,429,419,425,416,488
2013/02/02,general,410,534,342,327,217,102,38,103,32,101,54,98,42,88,48,81,56,76,62,70,72,74,114,169,100,64,190,189,198,639,326,321,174,218,143,185,169,194,292,392,478,457,446,326,559,263,302,220
2013/02/03,general,281,229,270,110,83,102,196,142,62,84,108,155,133,79,101,67,100,36,101,48,155,291,134,131,114,336,184,217,143,87,103,105,105,178,81,143,65,136,61,101,79,183,144,215,205,199,201,151
2013/02/04,general,149,121,170,97,152,83,216,147,77,130,80,112,123,97,129,151,110,81,73,111,83,115,71,92,112,81,133,224,162,145,244,200,178,304,187,249,234,279,385,246,298,255,320,287,767,419,435,308
2013/02/05,general,294,239,269,120,106,102,49,178,137,129,46,125,68,106,91,100,113,54,121,95,275,256,271,290,259,299,396,337,235,261,221,247,359,456,253,378,341,339,413,424,328,421,582,463,452,316,331,321
2013/02/06,general,384,302,238,238,144,203,121,196,118,171,209,169,194,138,158,121,157,166,172,155,129,178,293,268,294,316,272,332,268,300,338,323,424,248,441,476,445,446,449,321,319,518,373,311,549,435,430,381
2013/02/07,general,416,337,369,240,209,181,175,279,220,219,199,147,205,143,180,90,145,88,119,102,115,138,94,172,187,231,687,211,168,187,329,278,381,394,484,341,257,372,362,415,402,356,461,360,450,566,884,506
2013/02/08,general,451,357,389,201,206,166,147,163,147,155,152,140,165,155,161,85,147,80,132,89,123,100,234,168,418,215,232,204,251,618,304,266,252,248,319,396,442,364,314,231,400,497,447,347,309,354,287,281
2013/02/09,general,261,297,257,308,164,190,173,141,141,148,122,160,91,142,77,107,88,83,107,84,143,81,143,130,244,240,213,141,193,272,353,292,368,557,376,155,169,160,183,184,63,131,50,128,50,121,56,114
2013/02/10,general,62,102,75,94,138,117,191,151,202,255,202,170,107,60,112,37,113,52,91,88,80,110,59,126,66,146,168,373,249,150,1035,450,312,376,666,476,559,419,406,445,590,400,379,389,416,458,404,245
2013/02/11,general,273,180,116,133,102,175,98,94,111,54,127,95,109,124,58,109,84,73,110,43,181,146,141,92,206,109,188,242,192,177,253,304,518,384,417,458,418,350,394,361,550,422,609,596,796,397,412,484
2013/02/12,general,247,258,200,133,177,102,153,87,137,111,107,138,89,139,71,102,161,81,272,221,273,241,249,269,246,300,250,310,200,213,258,328,347,243,321,408,384,433,254,269,643,458,439,336,299,476,326,314
2013/02/13,general,235,345,216,178,140,97,150,79,219,174,151,88,157,80,86,79,106,82,59,98,48,109,42,194,278,209,243,248,279,235,258,301,302,227,316,390,365,389,412,478,482,516,646,685,644,504,481,384
2013/02/14,general,424,306,288,209,187,181,169,155,172,259,215,213,132,206,98,171,104,166,90,150,93,148,89,195,165,220,194,254,219,141,335,201,169,258,255,525,397,541,342,340,471,443,474,463,506,788,504,420
2013/02/15,general,456,358,201,222,148,194,127,188,140,236,201,198,127,200,151,114,125,72,121,66,136,164,318,216,292,204,101,277,261,153,241,242,246,214,209,220,353,457,554,480,430,421,492,459,401,427,386,470
2013/02/16,general,403,384,361,303,143,202,181,102,168,117,148,122,139,115,136,102,123,105,118,131,120,154,191,223,268,745,228,309,285,258,337,206,228,366,485,481,444,396,453,441,411,482,489,448,395,380,332,508
2013/02/17,general,422,445,420,292,142,246,172,137,175,103,174,91,183,82,182,87,193,106,179,125,156,189,167,690,332,305,240,308,674,347,255,306,231,366,311,307,315,252,339,363,340,355,497,454,553,523,487,471
2013/02/18,general,335,289,169,186,220,124,213,165,168,182,156,179,134,163,108,254,67,96,85,73,201,103,131,129,82,77,129,63,97,128,128,284,287,362,390,380,370,350,408,678,628,470,462,486,399,362,316,313
2013/02/19,general,260,230,256,138,223,217,208,142,168,152,218,181,198,193,143,176,147,73,153,87,185,132,306,226,309,358,416,434,237,291,234,270,296,394,237,388,315,299,303,612,406,238,308,258,361,652,343,340
2013/02/20,general,236,236,136,168,70,152,74,149,54,112,97,78,119,118,96,134,145,144,231,216,64,113,53,124,42,127,110,191,118,170,115,244,350,123,315,254,291,243,322,268,432,343,522,516,614,519,524,289
2013/02/21,general,373,262,225,91,158,68,143,80,119,100,96,124,73,143,68,134,78,91,91,70,114,52,142,62,319,195,489,245,152,217,314,397,363,252,290,270,285,332,313,462,463,551,363,316,405,323,321,316
2013/02/22,general,279,316,266,192,124,98,122,70,123,67,109,79,94,95,73,128,66,125,57,111,85,261,59,143,201,301,116,70,112,257,266,192,170,174,227,292,308,248,185,178,177,112,240,220,240,144,182,267
2013/02/23,general,136,221,122,257,206,303,233,192,166,76,190,67,128,63,121,63,115,71,103,104,113,139,77,298,114,201,193,209,304,264,299,211,234,228,297,322,410,355,290,239,301,221,526,388,336,380,553,567
2013/02/24,general,583,477,487,467,416,418,411,247,197,135,234,121,166,125,160,126,159,127,164,120,178,114,199,239,444,253,175,249,252,260,269,242,243,336,314,745,454,373,332,492,443,500,489,567,477,863,586,549
2013/02/25,general,515,432,334,267,193,133,163,185,107,193,98,193,114,283,110,153,60,110,51,102,67,87,117,68,377,323,341,308,329,182,192,238,307,288,344,338,399,349,338,380,671,612,435,329,443,799,451,311
2013/02/26,general,259,246,339,217,220,161,135,114,135,108,120,99,103,108,94,140,185,87,104,100,90,116,200,188,155,110,286,408,294,141,188,367,288,294,303,272,293,346,444,336,379,255,472,376,417,447,439,378
2013/02/27,general,307,306,107,190,130,153,145,124,142,111,165,88,302,93,103,52,141,194,174,137,202,132,246,116,264,173,258,296,250,245,146,219,185,204,135,278,337,390,327,260,420,521,567,548,466,508,933,620
2013/02/28,general,344,118,157,102,157,92,156,62,198,166,138,71,203,110,114,35,100,39,257,66,114,147,154,150,109,242,140,181,144,177,505,253,174,251,277,389,312,384,318,430,380,953,367,672,237,537,453,346
2013/03/01,general,293,349,293,216,66,93,63,71,85,49,97,42,179,132,86,59,196,131,59,92,41,106,29,109,31,107,43,115,344,328,307,262,233,511,265,357,342,358,215,295,246,430,349,384,384,409,655,383
2013/03/02,general,346,296,349,170,106,34,102,57,100,75,74,106,48,119,146,129,35,101,39,101,153,169,72,176,83,202,141,120,95,141,193,292,232,378,371,404,348,433,333,419,456,562,517,312,438,471,372,268
2013/03/03,general,330,215,139,118,80,88,91,75,100,50,151,31,100,29,97,44,82,60,70,73,71,124,463,484,239,163,125,138,129,246,193,241,281,400,315,447,462,329,572,516,564,605,484,545,733,583,326,230
2013/03/04,general,230,200,191,189,166,224,188,211,162,149,160,145,184,166,101,123,125,86,98,82,94,85,99,103,786,156,193,99,243,155,200,234,632,330,368,306,329,295,264,291,335,240,374,391,296,383,381,384
2013/03/05,general,414,324,262,254,186,181,124,144,160,86,154,74,153,69,137,63,137,91,146,50,133,68,125,109,107,131,61,155,127,241,279,346,203,221,199,275,281,229,239,669,531,449,481,504,753,523,419,301
2013/03/06,general,213,204,214,178,125,149,160,117,183,86,149,87,135,75,108,103,98,68,323,123,184,107,184,78,182,158,174,190,208,145,220,278,238,372,231,231,240,174,235,300,300,446,492,406,397,386,362,322
2013/03/07,general,384,338,311,204,211,119,169,112,165,103,185,90,171,97,137,121,119,78,189,140,145,141,67,399,206,153,189,457,258,219,209,193,190,198,193,295,402,339,367,621,460,437,371,284,321,368,660,350
2013/03/08,general,286,219,151,162,141,148,137,149,135,216,167,192,160,123,161,107,155,60,146,56,147,73,345,210,75,157,158,81,163,108,131,156,210,158,330,300,204,194,206,227,414,409,441,377,348,418,465,436
2013/03/09,general,278,406,301,219,202,198,183,181,89,185,167,101,182,129,135,181,96,165,168,86,176,231,116,341,273,257,257,251,244,242,244,326,243,269,321,312,358,445,349,412,376,370,371,353,349,349,264,417
2013/03/10,general,407,218,260,150,125,178,89,203,119,150,144,105,130,85,195,162,155,103,110,192,162,255,192,166,225,215,202,144,187,226,171,128,534,268,221,333,486,360,353,378,377,734,436,418,387,399,442,308
2013/03/11,general,209,194,184,132,151,243,193,190,165,74,167,99,151,91,97,107,81,137,47,136,85,105,136,245,189,269,237,211,134,241,210,209,229,275,345,342,365,347,342,356,415,447,353,397,410,419,386,235
2013/03/12,general,228,287,202,195,153,148,173,122,179,112,188,97,160,64,128,130,131,36,125,52,109,78,85,120,43,125,160,133,128,158,319,245,270,282,297,371,371,369,373,414,498,392,432,555,482,332,276,267
2013/03/13,general,242,277,257,214,197,169,106,178,135,134,177,91,177,241,165,252,193,143,143,58,146,143,59,144,219,177,181,106,188,128,213,221,150,187,99,242,167,186,247,288,373,382,516,281,517,167,165,118
2013/03/14,general,158,56,133,52,127,69,107,83,117,87,59,103,45,111,35,106,109,209,137,130,79,339,136,215,224,202,176,189,179,196,220,145,286,122,155,72,149,89,203,249,394,308,350,347,649,434,317,333
2013/03/15,general,251,203,97,116,89,108,61,118,44,114,52,101,86,66,77,51,290,53,109,42,92,59,106,121,67,120,143,297,215,162,78,216,167,201,175,80,149,94,155,78,156,79,150,88,155,293,260,288
2013/03/16,general,283,334,204,162,63,137,71,123,88,106,99,89,162,60,115,46,176,142,108,64,105,48,106,83,242,82,245,230,222,291,203,229,324,273,218,252,238,316,192,235,178,328,252,277,276,396,259,201
2013/03/17,general,247,178,463,83,92,63,178,139,94,122,52,90,60,91,31,89,29,90,29,92,42,95,59,68,63,68,321,128,155,566,173,128,264,248,220,287,154,308,242,251,118,216,125,113,144,182,253,317
2013/03/18,general,387,184,184,48,94,34,91,45,77,56,64,66,113,78,51,116,83,89,31,86,49,71,66,56,82,42,96,27,96,106,177,69,116,148,215,195,191,226,266,435,322,415,257,281,674,305,334,400
2013/03/19,general,240,172,53,114,57,68,72,47,88,30,85,30,83,48,70,184,69,84,49,109,48,114,68,98,84,74,93,54,114,62,171,176,359,279,352,262,68,271,103,294,117,121,134,367,259,300,205,201
2013/03/20,general,183,125,114,112,43,111,42,109,123,82,60,62,77,44,92,32,104,172,237,181,136,125,181,163,135,133,209,157,146,171,158,229,148,126,122,122,151,149,144,142,234,275,377,282,244,302,267,167
2013/03/21,general,232,570,215,86,178,62,134,52,130,54,129,50,126,45,140,60,128,174,173,186,205,84,155,139,234,150,110,168,299,291,186,297,250,232,156,211,394,143,226,147,370,323,262,365,264,311,615,386
2013/03/22,general,246,231,140,100,97,79,79,72,78,66,73,70,171,133,81,99,83,58,79,64,83,86,75,102,195,168,42,182,119,139,53,125,83,139,75,150,79,130,411,410,204,248,541,1315,673,400,438,553
2013/03/23,general,288,290,223,209,53,100,39,88,58,69,73,71,169,31,91,29,89,43,75,60,59,78,48,233,193,171,56,101,76,100,88,100,98,128,131,298,362,117,266,256,160,90,162,153,227,209,158,200
2013/03/24,general,141,219,103,179,48,108,49,111,60,94,80,78,155,45,97,32,96,37,90,54,76,72,62,89,125,130,53,684,979,327,112,213,134,156,170,162,105,167,152,151,118,175,109,273,580,362,269,305
2013/03/25,general,427,123,100,70,119,42,100,48,73,83,59,101,38,99,106,144,134,224,186,89,187,82,165,89,158,110,164,153,206,143,192,172,212,127,165,139,301,208,282,253,304,289,332,312,333,422,378,285
2013/03/26,general,218,169,115,100,67,93,53,107,42,122,54,110,130,72,85,51,107,112,107,46,90,64,108,99,88,97,81,103,88,166,291,166,180,145,277,305,163,216,165,233,112,398,262,381,680,494,276,350
2013/03/27,general,216,274,188,93,161,75,235,134,165,142,73,155,68,145,71,145,90,137,94,131,101,124,111,229,206,166,123,230,185,150,213,556,257,355,257,321,320,275,291,420,282,333,407,307,302,287,374,234
2013/03/28,general,285,134,183,96,183,97,156,93,142,104,124,168,153,168,121,144,54,129,72,95,65,280,127,93,150,75,179,159,168,161,155,180,242,288,169,173,121,115,152,94,157,132,382,376,248,432,421,451
2013/03/29,general,844,936,256,85,90,30,91,47,68,74,39,83,31,79,59,50,84,39,85,43,75,75,178,919,233,314,425,259,280,213,272,235,250,369,241,389,399,371,648,316,331,303,430,226,246,254,236,263
2013/03/30,general,199,257,169,128,98,57,87,32,81,59,53,85,84,83,36,73,61,48,80,28,81,39,74,64,78,128,237,113,122,94,212,177,142,109,245,268,201,255,188,238,306,266,201,226,228,201,243,162
2013/03/31,general,194,160,243,225,56,91,38,81,69,53,88,29,129,42,73,67,46,84,28,82,45,185,133,68,118,157,128,126,186,169,76,147,127,258,235,251,255,279,251,187,269,211,236,235,209,248,267,364
2013/04/01,general,404,308,312,388,99,61,85,78,61,98,42,96,42,94,62,74,79,47,79,29,79,29,180,108,65,298,122,132,202,277,471,837,358,308,335,418,472,331,499,444,380,372,435,432,302,257,319,276
2013/04/02,general,467,345,162,92,87,49,70,87,32,97,79,65,176,122,81,70,129,89,36,89,44,76,135,884,275,150,130,129,112,173,81,140,105,171,224,187,242,226,329,476,395,810,903,468,281,238,300,299
2013/04/03,general,339,163,55,106,115,145,134,44,107,66,77,98,43,89,50,73,82,42,105,87,205,123,221,124,128,95,169,133,138,152,109,198,209,301,213,230,284,340,328,380,316,310,444,296,349,323,433,365
2013/04/04,general,182,79,96,59,100,29,83,48,61,73,36,82,240,318,44,61,66,38,75,28,86,62,116,161,144,179,146,198,157,170,142,146,116,242,176,161,238,156,487,630,539,486,315,490,271,346,295,259
2013/04/05,general,245,213,184,135,58,142,39,74,65,43,79,28,236,89,60,70,37,75,28,107,54,52,695,131,174,181,100,136,146,154,113,228,169,252,236,314,195,313,786,342,320,380,278,195,253,125,227,257
2013/04/06,general,168,167,120,157,120,70,109,48,96,45,73,69,46,85,28,84,41,74,84,68,103,45,108,53,298,717,185,125,532,226,164,157,293,176,253,250,166,252,232,392,473,305,223,253,213,223,230,274
2013/04/07,general,227,375,267,252,156,189,131,94,108,58,90,35,92,39,112,59,61,83,36,91,85,175,138,153,290,178,264,146,230,120,167,101,150,116,283,110,363,270,374,300,395,383,310,327,353,468,348,363
2013/04/08,general,346,408,289,280,290,192,147,64,93,105,79,130,123,106,126,102,87,32,91,48,68,78,43,104,146,209,126,209,190,163,128,176,134,180,149,120,272,218,307,236,294,270,283,820,675,413,429,382
2013/04/09,general,356,358,315,301,131,150,59,124,48,200,98,129,30,106,57,219,60,94,79,128,94,419,148,76,257,102,172,101,162,131,103,133,146,205,338,201,147,227,343,290,259,212,269,326,299,305,996,430
2013/04/10,general,544,454,345,286,161,135,57,123,82,92,112,58,111,62,252,328,34,85,47,65,78,37,91,42,81,88,267,170,107,289,239,188,107,193,121,256,193,184,190,231,267,492,486,342,434,514,526,434
2013/04/11,general,493,317,221,196,151,46,93,55,67,102,45,101,78,66,248,300,86,87,66,100,46,85,67,61,254,43,132,252,115,146,166,146,141,136,152,136,201,218,260,187,178,312,328,323,854,328,274,302
2013/04/12,general,262,310,301,300,350,102,156,126,36,101,35,84,62,54,89,47,84,52,60,83,32,115,113,142,137,136,235,268,279,164,201,203,227,325,269,243,188,363,297,340,332,670,613,636,419,410,393,384
2013/04/13,general,337,303,287,161,62,120,61,115,82,95,136,55,105,33,102,55,80,223,70,90,38,101,49,99,182,231,260,215,210,249,231,229,232,239,265,173,349,222,259,225,462,376,279,259,211,417,378,298
2013/04/14,general,405,225,231,94,90,90,64,111,44,110,68,181,159,73,72,67,80,48,97,29,96,49,127,108,148,136,259,149,116,663,220,321,264,354,228,279,332,342,426,390,336,366,315,347,280,552,409,383
2013/04/15,general,358,370,192,271,224,218,181,64,117,53,126,69,60,97,58,136,69,85,87,58,141,186,83,70,51,92,30,88,506,122,143,44,251,175,136,85,127,129,343,460,369,586,593,855,431,295,323,307
2013/04/16,general,398,260,204,223,143,87,88,35,79,80,44,80,37,73,138,40,78,145,106,107,210,127,138,183,109,211,250,118,161,101,301,163,232,255,281,158,231,379,300,484,421,260,338,530,436,459,571,677
2013/04/17,general,262,228,99,118,53,103,72,80,78,66,149,42,151,103,336,275,126,95,86,54,83,61,78,72,651,143,116,94,70,94,64,139,195,153,88,155,105,465,229,229,255,155,207,222,180,184,285,244
2013/04/18,general,536,311,214,100,158,137,117,34,94,28,89,30,86,28,192,178,362,40,94,360,106,100,139,109,110,156,262,164,83,86,69,97,63,139,105,222,226,167,232,452,403,512,278,235,309,223,287,498
2013/04/19,general,372,475,278,130,45,115,45,106,40,88,33,88,29,93,264,173,234,133,42,258,173,93,171,57,80,52,90,65,208,147,338,121,159,117,157,108,148,182,346,352,310,323,290,320,320,577,488,448
2013/04/20,general,365,428,240,262,85,89,98,66,109,53,89,29,91,41,136,103,61,60,52,72,42,85,33,100,43,107,80,184,168,262,180,205,237,194,232,328,411,291,467,446,409,517,341,337,465,333,316,360
2013/04/21,general,266,361,277,238,120,49,91,34,86,40,74,48,70,54,56,58,53,57,50,63,48,71,42,82,32,147,117,140,123,370,211,105,129,68,210,235,284,379,422,287,353,388,368,1566,844,674,396,422
2013/04/22,general,377,359,432,232,293,98,120,32,90,54,69,76,43,89,268,421,227,77,79,42,86,28,86,155,279,152,86,69,124,73,67,149,106,127,121,211,170,165,351,214,333,329,333,342,343,386,320,533
2013/04/23,general,483,404,185,260,215,254,260,169,126,164,150,66,124,38,150,45,198,108,157,121,30,118,352,208,215,114,85,115,77,99,79,71,103,82,147,91,213,282,373,136,239,257,241,189,347,848,576,429
2013/04/24,general,438,319,174,87,149,47,78,74,53,90,35,85,62,59,475,131,101,51,78,265,127,107,68,145,104,145,130,74,105,59,154,158,162,172,109,125,252,183,265,356,300,306,491,440,314,398,292,262
2013/04/25,general,436,165,201,161,67,90,40,80,69,48,84,34,84,57,55,82,28,82,39,75,62,170,129,64,226,214,488,160,167,86,106,222,239,220,115,178,208,340,532,510,466,281,349,309,316,312,277,339
2013/04/26,general,620,570,313,262,205,86,118,107,151,151,65,124,52,118,87,192,66,149,93,113,226,66,74,91,50,104,39,104,62,113,190,103,157,129,105,238,268,483,311,324,219,293,238,352,179,217,481,290
2013/04/27,general,323,188,192,112,91,91,57,59,84,47,92,81,46,65,79,37,74,80,31,83,65,49,87,88,154,193,239,163,128,496,341,235,310,190,671,318,435,375,268,320,386,323,248,331,321,287,340,299
2013/04/28,general,418,349,244,325,192,147,83,91,115,54,81,86,39,95,61,62,103,49,196,132,104,73,87,109,235,172,397,507,245,179,171,158,137,124,239,115,238,387,563,626,438,462,325,522,580,410,1057,397
2013/04/29,general,270,245,123,154,177,111,115,47,100,57,96,80,69,92,61,162,29,91,75,186,170,96,126,60,112,51,116,197,105,179,90,92,156,226,96,225,224,313,257,298,241,285,281,569,415,312,454,318
2013/04/30,general,247,679,223,136,121,51,99,49,68,70,46,84,30,84,35,115,41,219,59,53,71,41,92,46,180,125,179,143,179,148,471,193,135,140,108,358,359,288,304,444,714,323,384,768,353,445,643,557
2013/05/01,general,330,154,166,130,86,107,74,56,79,40,69,75,32,77,204,363,88,98,104,55,46,74,28,74,54,55,107,203,217,337,291,238,157,144,211,175,449,389,305,183,283,423,301,271,327,313,302,365
2013/05/02,general,241,194,154,69,84,58,72,82,29,78,46,58,73,30,228,61,301,67,73,302,161,99,213,55,76,27,77,45,174,139,88,145,132,362,115,193,145,117,144,465,176,169,169,286,260,199,348,319
2013/05/03,general,206,276,216,133,76,32,72,67,38,76,165,73,60,87,373,169,530,61,48,305,95,76,63,45,80,55,209,111,89,256,318,534,101,131,71,139,223,149,264,217,218,230,209,240,283,575,591,617
2013/05/04,general,619,521,239,193,74,125,59,98,54,105,44,108,34,231,188,111,40,106,42,95,51,81,62,68,91,57,95,60,230,117,174,155,197,326,183,308,340,316,260,303,298,346,618,500,380,278,297,417
2013/05/05,general,263,357,300,347,236,245,273,119,115,49,72,96,44,89,67,58,77,27,75,54,48,75,27,76,110,258,195,199,1117,650,158,156,166,157,200,228,310,374,630,569,357,380,409,827,698,458,410,397
2013/05/06,general,386,292,320,189,130,93,61,64,89,49,74,83,37,81,211,506,128,30,75,232,128,111,126,100,115,44,218,203,83,115,59,80,93,134,131,133,323,391,402,219,247,270,358,426,190,253,489,241
2013/05/07,general,228,133,151,75,37,78,50,56,76,29,75,59,46,75,275,72,626,422,74,28,74,47,51,73,29,76,49,188,557,149,340,238,137,134,104,113,266,229,377,301,281,272,266,295,271,254,436,411
2013/05/08,general,320,303,219,146,177,85,45,79,56,51,78,42,62,74,217,315,121,53,79,282,180,84,34,97,100,217,90,124,188,124,46,115,173,211,182,133,187,126,234,249,92,267,281,255,395,318,459,275
2013/05/09,general,184,179,80,119,101,98,105,29,89,57,59,85,29,87,154,61,81,33,96,90,112,162,347,136,61,118,104,93,87,69,159,59,195,121,193,184,164,135,124,259,166,152,339,888,389,316,316,293
2013/05/10,general,340,382,201,156,157,37,165,131,65,94,34,90,62,53,187,224,66,100,54,102,70,234,120,65,65,98,47,120,137,115,143,100,168,118,265,253,199,279,304,293,266,244,324,512,337,324,257,296
2013/05/11,general,249,233,123,84,108,111,55,86,61,54,83,50,64,80,42,170,80,29,78,68,38,83,93,133,144,103,138,245,176,159,88,133,151,148,307,337,210,313,244,171,223,231,252,252,327,239,267,214
2013/05/12,general,161,330,226,211,71,68,97,46,123,70,58,101,52,89,93,41,86,44,70,77,33,84,52,63,114,291,158,162,222,115,162,88,226,249,297,313,340,430,387,144,174,150,174,571,1306,465,339,384
2013/05/13,general,470,263,136,154,98,76,98,45,89,85,37,84,99,128,136,78,85,77,65,92,33,77,71,52,152,258,82,565,147,176,118,51,101,356,109,142,119,384,357,280,460,497,466,398,365,369,338,768
2013/05/14,general,507,387,281,177,267,133,48,96,29,86,44,66,70,38,246,278,78,261,61,76,30,80,35,93,71,154,137,48,101,92,167,202,108,185,170,254,369,276,271,242,289,379,421,416,396,469,551,381
2013/05/15,general,354,196,418,173,69,108,39,95,51,77,79,48,77,28,268,274,56,76,38,198,63,67,67,43,80,47,841,134,132,213,525,151,98,242,193,215,421,319,158,197,333,407,347,532,410,396,436,502
2013/05/16,general,132,164,160,127,68,69,82,37,84,35,76,57,51,79,230,211,35,69,95,43,88,44,85,82,302,218,111,311,104,120,177,98,192,65,210,196,135,226,200,160,84,137,210,365,378,670,499,323
2013/05/17,general,432,364,220,170,72,86,56,56,82,29,79,49,56,76,154,548,246,75,76,31,75,136,136,108,97,321,43,92,72,147,100,47,112,250,198,93,181,178,422,367,367,230,364,316,392,305,254,334
2013/05/18,general,285,299,232,189,349,66,81,78,36,82,43,66,77,36,78,38,67,67,35,74,30,70,58,54,86,42,266,333,202,129,623,184,129,109,118,184,557,481,1403,524,455,372,277,334,279,656,295,276
2013/05/19,general,391,541,477,559,292,252,67,77,95,50,96,66,64,76,31,75,35,68,58,46,73,28,75,40,64,136,224,293,125,115,169,94,144,95,589,175,383,498,345,402,806,561,389,325,324,334,719,1002
2013/05/20,general,565,486,461,137,143,157,77,105,77,53,80,38,72,76,220,238,52,57,120,89,359,219,145,197,41,62,80,42,87,64,75,83,286,134,716,782,168,127,785,300,303,364,250,472,964,322,607,317
2013/05/21,general,241,242,209,144,227,53,81,78,31,75,57,49,72,29,84,56,333,359,61,70,58,39,73,30,72,63,41,103,227,619,969,203,141,75,235,565,454,328,255,391,727,858,291,233,225,173,262,262
2013/05/22,general,279,410,323,88,68,76,30,73,54,49,70,28,71,49,182,344,27,173,231,382,240,171,190,72,46,78,36,81,61,64,86,115,335,98,154,218,225,159,97,186,445,288,824,278,331,1292,663,438
2013/05/23,general,615,790,319,58,98,83,47,77,29,74,57,43,71,29,222,476,57,67,28,68,39,80,230,178,146,62,82,47,71,75,44,93,118,909,1194,244,144,602,158,96,206,273,373,326,354,364,761,560
2013/05/24,general,313,161,91,170,98,49,85,84,32,76,226,175,74,32,204,450,28,103,52,60,80,40,79,64,49,77,36,79,64,53,80,84,204,346,267,159,165,550,337,442,317,319,439,339,238,250,367,387
2013/05/25,general,391,322,207,63,56,83,34,80,50,61,76,33,76,38,226,63,43,154,79,72,41,64,65,63,144,127,106,117,76,119,90,225,158,310,416,246,425,330,275,361,366,507,642,323,386,356,239,413
2013/05/26,general,282,338,437,79,129,149,52,81,36,74,201,38,75,39,63,72,31,72,41,58,70,28,73,84,97,205,111,324,175,126,153,193,214,222,608,381,851,467,372,382,316,329,416,408,389,424,351,569
2013/05/27,general,304,234,150,55,67,84,54,62,80,51,58,155,168,58,288,315,704,93,47,50,72,46,55,74,37,63,75,27,75,70,32,85,70,290,88,227,105,217,308,351,287,953,511,925,485,1302,393,325
2013/05/28,general,446,467,106,101,78,34,71,75,29,72,212,39,74,36,388,421,494,84,38,56,69,28,70,57,78,87,43,144,104,170,126,239,132,561,172,257,172,319,472,192,214,210,262,224,168,317,401,275
2013/05/29,general,243,278,156,152,76,41,64,74,31,73,72,33,75,49,320,505,210,138,77,191,113,198,160,167,106,274,136,81,132,127,104,135,111,239,199,256,196,219,377,158,184,178,225,325,297,275,354,381
2013/05/30,general,309,267,229,195,191,193,59,91,78,54,89,73,56,86,182,132,84,93,67,168,219,111,127,101,240,209,153,147,88,135,162,97,329,170,155,151,153,175,134,99,126,262,244,270,379,441,426,417
2013/05/31,general,168,200,120,54,89,93,49,84,89,49,82,88,52,85,276,203,80,106,48,205,90,53,82,152,126,92,87,76,166,98,166,119,126,204,126,149,199,94,98,66,115,155,114,128,201,117,151,193
2013/06/01,general,296,253,220,415,319,62,86,98,57,71,76,33,74,77,29,75,67,36,142,126,40,90,32,107,139,114,148,184,384,142,442,395,280,144,160,221,363,401,334,314,349,422,354,325,298,372,416,453
2013/06/02,general,289,287,506,219,219,246,237,79,34,72,72,29,74,57,45,73,37,154,106,27,84,45,61,77,46,90,139,161,219,635,282,291,91,208,161,113,190,313,542,367,556,325,321,878,585,416,350,541
2013/06/03,general,861,259,198,186,116,79,56,47,77,41,62,72,29,72,174,401,321,50,162,195,219,195,121,126,139,203,136,156,167,172,120,106,122,77,198,127,177,297,274,464,888,667,668,308,345,473,300,238
2013/06/04,general,270,269,449,330,176,79,117,97,68,86,52,51,72,36,65,71,28,73,51,193,188,106,58,74,89,106,53,143,144,107,111,323,154,175,96,259,365,323,353,368,315,321,348,323,350,305,388,319
2013/06/05,general,762,432,409,286,261,168,163,133,138,58,48,72,39,63,75,423,95,190,48,72,37,163,124,58,163,642,205,179,125,159,119,228,738,139,208,305,245,146,170,182,415,378,478,339,398,416,340,372
2013/06/06,general,361,642,439,452,248,91,62,59,77,30,76,67,36,128,276,180,72,41,86,78,65,163,164,280,178,101,129,77,225,185,212,190,159,215,228,162,490,501,342,296,629,321,286,247,804,270,434,513
2013/06/07,general,473,399,366,286,303,291,246,340,623,296,88,34,80,112,347,351,54,73,82,70,115,162,133,131,87,119,128,297,225,112,155,149,99,128,107,276,218,77,93,481,1256,477,234,276,249,266,320,277
2013/06/08,general,286,466,340,184,174,70,73,90,59,81,69,34,73,54,47,67,30,67,54,42,72,29,244,381,99,112,88,125,79,118,228,79,108,266,211,396,446,706,565,351,838,1340,382,350,279,473,404,364
2013/06/09,general,482,323,383,345,534,314,176,87,67,48,78,36,77,43,65,63,44,74,31,74,29,71,35,163,127,42,80,138,273,144,799,208,171,156,1045,863,480,312,612,702,1125,423,364,401,387,393,447,420
2013/06/10,general,378,628,380,419,376,274,162,79,103,44,82,31,78,50,57,66,42,72,30,73,29,74,29,244,141,84,386,159,152,107,184,189,195,279,154,659,647,394,346,955,741,473,402,359,325,314,399,325
2013/06/11,general,462,682,245,229,184,68,88,39,86,67,178,80,30,75,60,200,378,128,89,57,56,73,30,151,115,144,139,260,161,98,132,257,177,215,376,472,382,311,366,347,1472,565,486,341,450,1189,482,482
2013/06/12,general,346,256,226,58,91,32,90,50,70,71,46,100,31,89,30,352,108,447,262,73,67,220,187,151,214,158,117,74,109,65,202,266,287,299,335,312,279,309,255,523,301,268,355,321,402,631,623,375
2013/06/13,general,438,354,282,326,230,84,93,45,93,37,84,49,66,116,248,469,350,94,204,84,262,134,239,75,122,97,127,895,201,239,234,207,153,204,160,449,261,288,214,238,315,418,332,606,320,500,437,509
2013/06/14,general,504,376,248,283,641,348,137,77,65,76,67,64,76,51,266,216,88,30,87,30,86,46,72,58,59,72,44,162,148,267,196,214,152,221,106,87,326,273,181,494,353,314,274,361,525,908,529,370
2013/06/15,general,584,484,363,241,348,191,108,70,89,83,69,79,34,81,31,79,31,78,34,73,45,62,329,52,69,42,161,413,135,117,154,260,129,129,129,427,878,492,455,427,455,420,752,352,869,420,299,285
2013/06/16,general,335,311,475,437,275,154,107,53,278,70,56,82,37,84,34,80,33,77,255,77,40,72,52,59,71,134,903,214,184,626,150,133,174,143,170,240,423,354,576,1080,628,384,310,321,576,874,668,318
2013/06/17,general,583,321,242,429,138,199,58,96,83,49,80,32,78,31,76,320,603,277,87,126,81,130,293,412,347,141,143,114,143,104,136,91,133,303,296,318,347,437,330,606,491,377,632,438,517,435,906,706
2013/06/18,general,604,308,253,134,136,130,95,64,52,82,37,72,68,38,75,191,593,82,70,183,259,82,147,242,199,216,178,150,188,117,242,188,142,196,178,291,622,1053,374,1080,491,475,509,416,265,571,395,442
2013/06/19,general,407,326,270,224,111,62,96,85,63,92,47,93,59,46,228,83,71,248,65,97,66,96,265,386,445,336,153,155,191,194,212,198,658,392,200,232,264,308,638,400,519,312,544,515,494,493,460,357
2013/06/20,general,288,239,246,500,113,79,65,92,50,86,44,86,43,84,41,81,319,445,73,252,65,86,142,259,114,135,113,447,373,228,183,329,276,195,266,391,355,140,198,242,234,192,309,643,484,418,383,512
2013/06/21,general,1121,349,378,341,407,127,112,50,97,44,89,41,88,41,86,43,528,60,47,79,41,100,40,89,132,357,213,149,82,121,361,1279,365,254,209,281,307,444,290,385,365,494,312,369,527,387,395,336
2013/06/22,general,471,518,621,326,204,333,407,151,57,55,75,33,74,32,78,32,73,31,282,299,72,30,74,31,202,134,135,87,143,95,135,122,265,172,330,1157,380,294,379,746,337,306,303,318,324,935,579,373
2013/06/23,general,737,1459,241,107,84,104,68,49,74,49,307,73,35,84,34,70,36,67,50,52,60,48,64,100,380,822,332,94,216,388,660,302,840,681,169,284,290,265,374,494,695,600,466,449,415,521,512,587
2013/06/24,general,465,305,398,467,425,368,42,89,32,76,31,74,39,68,166,70,501,225,87,63,29,426,356,402,354,402,223,261,124,220,147,235,358,221,205,240,315,295,420,464,438,491,421,459,641,435,442,550
2013/06/25,general,326,241,303,255,313,219,150,105,42,185,121,71,52,82,41,79,64,500,112,191,429,179,71,146,141,267,133,139,180,187,236,267,245,317,178,329,304,384,366,297,381,433,395,462,781,492,740,437
2013/06/26,general,703,403,443,385,151,48,185,137,88,66,91,56,82,60,226,177,330,334,101,56,73,54,170,209,189,48,126,105,128,105,242,183,197,200,376,339,332,487,461,544,438,757,399,324,366,463,341,304
2013/06/27,general,346,226,310,261,106,134,178,158,48,70,45,59,52,47,61,32,73,373,123,31,78,75,176,260,247,156,110,127,84,112,117,104,219,413,314,180,262,130,210,247,251,198,246,594,916,881,456,706
2013/06/28,general,441,467,354,404,114,120,57,113,57,193,154,82,79,89,119,180,374,257,132,84,225,133,72,68,81,66,105,149,212,130,192,119,187,115,274,254,844,318,72,113,60,109,257,1110,385,182,166,169
2013/06/29,general,292,437,254,257,89,63,81,39,83,33,79,33,145,119,73,32,90,30,75,30,74,31,221,206,304,190,464,165,150,212,344,245,157,210,385,637,550,437,347,326,377,343,408,390,310,501,257,222
2013/06/30,general,210,250,294,275,56,115,41,96,43,202,101,92,33,99,32,92,32,82,160,76,38,67,47,74,179,324,354,159,136,136,87,135,79,203,185,626,594,467,424,446,293,347,481,455,650,495,566,666
2013/07/01,general,626,289,298,205,252,51,106,37,92,70,58,86,32,84,251,275,78,30,245,226,43,77,40,85,934,134,117,158,81,540,162,99,86,67,126,131,391,385,276,320,345,388,336,307,301,339,873,371
2013/07/02,general,401,362,340,257,109,100,44,92,47,74,77,42,85,38,74,68,42,79,32,79,62,50,83,58,188,224,55,200,111,185,220,233,227,290,183,357,300,263,311,441,295,434,282,504,561,349,397,677
2013/07/03,general,632,325,614,315,95,84,85,40,84,57,59,81,36,79,214,189,79,35,80,61,50,77,34,272,185,311,222,315,232,204,331,222,239,200,269,198,441,350,522,329,499,328,402,452,570,503,467,399
2013/07/04,general,477,445,332,314,263,263,148,51,109,38,109,35,83,57,56,74,33,100,32,98,33,75,344,324,861,316,418,286,371,252,234,206,248,336,195,142,344,470,285,284,284,260,444,218,190,441,768,608
2013/07/05,general,700,613,347,449,411,169,166,109,36,109,35,99,39,92,82,268,34,86,34,84,34,194,131,222,58,127,70,59,268,129,188,136,177,132,262,246,251,394,338,622,391,458,372,416,324,537,368,408
2013/07/06,general,405,350,458,291,286,392,234,49,95,45,88,53,70,60,61,66,51,70,47,70,46,72,45,79,43,84,314,222,95,348,126,143,219,168,322,351,220,201,310,157,115,57,116,57,164,242,204,177
2013/07/07,general,482,632,331,319,488,201,55,90,34,88,33,85,33,82,195,80,34,80,32,82,33,81,32,84,33,84,32,232,293,410,1250,167,167,137,154,908,426,454,365,630,452,385,350,447,470,750,200,254
2013/07/08,general,148,359,181,210,78,185,44,80,36,77,34,75,32,76,30,75,213,273,39,78,32,81,33,83,34,81,38,185,220,146,92,242,203,208,262,271,439,364,321,795,452,527,525,307,350,897,526,457
2013/07/09,general,390,327,536,313,397,348,150,208,133,130,56,53,91,41,100,45,41,96,40,73,66,41,100,41,323,91,206,211,126,209,125,112,127,251,321,199,410,400,363,567,360,323,325,258,354,600,606,790
2013/07/10,general,833,482,402,266,213,95,124,66,121,62,86,32,74,41,51,61,31,79,30,77,35,41,77,54,384,300,225,123,194,145,198,149,220,237,352,200,268,310,551,775,605,560,591,419,460,343,452,559
2013/07/11,general,570,409,352,233,80,112,43,125,45,112,225,39,87,31,92,31,60,59,30,91,30,57,57,30,90,70,260,271,208,95,83,131,86,162,125,490,166,161,214,359,332,363,312,399,366,355,376,715
2013/07/12,general,685,541,482,277,163,54,97,60,82,72,207,83,44,103,373,456,45,85,59,65,97,52,218,166,147,95,230,148,425,96,152,84,137,94,191,205,228,396,401,401,339,322,346,332,348,542,430,355
2013/07/13,general,305,829,503,427,272,428,168,163,50,77,200,78,38,84,36,90,30,88,30,84,29,202,48,59,86,97,123,369,483,298,195,96,137,663,284,368,530,382,437,437,447,492,493,560,424,348,546,488
2013/07/14,general,391,344,485,328,569,443,266,74,61,89,229,97,32,91,35,89,33,87,45,74,57,62,64,52,74,44,257,97,285,584,343,269,161,198,360,289,334,340,289,451,310,372,320,818,1276,742,597,470
2013/07/15,general,346,794,684,726,816,498,458,328,396,106,188,86,242,70,314,536,452,402,272,60,350,284,444,236,198,136,107,136,132,92,137,101,117,164,160,1029,373,648,734,654,770,698,774,1234,784,1074,686,694
2013/07/16,general,994,275,234,301,119,66,84,32,87,79,88,183,130,98,52,169,524,52,191,178,154,36,80,133,79,153,137,110,120,89,246,84,138,120,232,333,274,400,479,337,336,307,294,506,422,345,337,501
2013/07/17,general,262,246,254,211,81,100,49,78,83,38,85,60,55,83,37,75,448,46,84,77,327,160,60,51,80,52,295,155,70,146,132,94,212,118,114,403,278,227,306,432,367,494,354,637,387,525,599,668
2013/07/18,general,266,318,179,152,115,122,66,59,91,32,90,54,67,82,37,89,267,76,72,46,87,39,136,232,114,191,117,532,317,151,131,106,226,237,392,349,280,354,382,262,210,255,204,390,700,390,618,759
2013/07/19,general,555,328,182,155,70,69,93,38,95,55,73,85,44,91,72,327,93,62,87,40,78,72,47,180,109,188,156,136,105,197,159,73,114,56,75,185,186,359,245,227,225,210,243,432,419,400,309,314
2013/07/20,general,247,465,275,363,241,105,132,71,52,88,43,77,75,39,81,49,393,281,52,82,39,82,31,82,50,64,289,287,175,122,241,449,128,907,273,262,275,304,359,458,293,578,573,281,313,312,255,332
2013/07/21,general,650,570,465,634,531,276,82,51,61,77,33,76,35,73,276,49,73,30,148,118,54,53,62,56,56,142,198,279,224,315,148,648,137,92,126,479,187,366,600,563,527,344,731,637,508,479,692,613
2013/07/22,general,868,199,99,88,33,86,35,80,41,78,42,71,41,74,114,509,572,253,31,78,30,184,171,101,88,120,81,128,73,130,71,128,296,316,403,421,301,255,303,463,292,529,602,440,743,1218,800,465
2013/07/23,general,218,231,216,39,90,36,88,35,82,46,90,34,79,35,179,127,692,53,88,235,245,57,99,96,175,193,221,145,93,169,104,181,298,243,180,154,263,376,411,466,365,278,363,396,349,576,911,615
2013/07/24,general,294,306,179,278,181,90,33,88,33,160,120,116,33,84,56,283,281,321,94,30,85,31,84,31,81,47,244,189,193,69,129,92,133,166,167,197,294,236,326,398,389,340,455,527,419,687,468,654
2013/07/25,general,274,327,343,353,269,200,42,170,118,112,32,84,50,46,81,30,893,33,93,30,57,63,29,87,29,329,170,153,118,104,147,202,286,226,176,122,333,210,174,187,248,187,247,297,786,651,557,334
2013/07/26,general,574,270,167,152,152,33,87,32,76,46,114,114,116,30,189,171,286,85,28,84,29,125,213,173,147,58,99,96,221,167,186,54,136,117,96,198,200,82,55,190,350,699,97,204,71,148,94,140
2013/07/27,general,229,658,625,378,123,120,69,80,73,70,79,58,88,46,178,171,182,66,82,260,141,85,153,98,182,94,345,208,275,173,155,333,264,230,297,677,389,295,331,910,500,378,423,459,586,436,450,355
2013/07/28,general,255,289,194,298,318,126,54,68,69,47,85,31,98,32,94,31,284,40,63,58,42,82,30,92,125,135,76,355,267,164,178,510,268,195,584,219,316,314,310,558,351,342,421,350,239,355,339,481
2013/07/29,general,237,436,68,242,142,254,62,194,66,184,82,154,108,130,118,1030,546,134,140,82,166,60,198,58,222,84,428,100,474,368,228,478,538,348,206,364,282,366,366,480,448,886,1002,612,804,834,1044,468
2013/07/30,general,608,222,209,242,88,91,31,111,30,86,60,54,81,30,103,29,288,53,56,70,29,98,29,159,219,243,132,97,75,112,232,120,165,103,165,181,264,421,305,236,368,174,350,316,519,911,515,289
2013/07/31,general,286,171,145,234,173,32,87,29,85,30,84,29,84,28,206,499,266,167,30,169,111,62,27,195,219,175,182,149,132,282,112,124,114,327,236,86,367,297,494,258,434,300,327,484,319,371,321,535
2013/08/01,general,253,216,374,133,132,68,60,64,50,73,38,84,30,93,30,85,262,113,132,114,29,67,105,118,329,91,105,43,91,33,111,46,261,96,137,81,181,123,239,207,167,211,121,161,412,873,932,716
2013/08/02,general,964,562,271,105,191,46,97,31,96,35,94,30,154,113,91,30,327,162,207,49,49,74,29,96,29,195,268,193,30,134,253,220,180,110,169,165,114,135,148,393,175,573,565,731,816,848,705,432
2013/08/03,general,472,491,568,612,413,243,167,48,81,30,165,128,61,38,100,30,292,32,59,60,29,90,170,326,313,147,85,111,154,115,190,120,144,161,514,377,377,325,543,405,361,302,843,447,369,353,466,471
2013/08/04,general,366,401,156,215,149,146,61,65,69,38,172,132,294,32,113,45,85,70,48,105,36,97,128,190,325,79,163,598,254,174,213,194,210,214,293,325,305,359,394,590,736,480,358,327,359,606,378,842
2013/08/05,general,379,349,342,385,168,73,108,120,129,44,63,77,31,100,29,96,580,340,162,161,81,200,105,121,123,54,104,76,302,110,76,208,186,241,132,114,181,401,411,282,343,403,373,731,506,724,340,325
2013/08/06,general,617,313,267,270,61,217,32,92,49,72,63,53,78,35,92,29,328,294,152,30,85,48,227,51,70,142,130,102,205,160,118,158,100,163,213,162,438,488,329,349,566,750,620,1023,524,360,626,374
2013/08/07,general,222,213,87,73,58,74,50,81,44,85,31,97,30,91,67,226,369,325,56,191,51,301,83,95,85,84,76,162,104,164,89,114,394,326,115,340,330,263,217,373,600,519,434,458,293,433,497,1732
2013/08/08,general,700,425,281,162,98,31,93,31,92,31,90,31,84,33,338,402,458,203,141,127,52,77,57,260,88,113,226,195,186,166,91,165,194,273,263,152,131,83,154,535,504,297,198,161,206,660,819,393
2013/08/09,general,348,242,91,54,83,32,82,33,83,43,71,53,58,66,42,75,257,212,47,114,178,138,61,249,222,84,133,192,187,82,117,106,116,109,242,179,43,245,141,333,67,86,58,82,158,947,248,172
2013/08/10,general,180,138,241,306,67,56,54,64,43,75,36,76,31,75,30,75,31,74,29,73,152,89,243,250,128,134,197,221,206,130,128,193,196,93,152,88,161,93,204,221,431,310,524,777,349,356,380,391
2013/08/11,general,340,303,164,157,36,88,31,86,31,84,29,86,30,83,300,81,29,82,28,77,28,78,28,80,127,229,226,178,119,153,102,168,516,259,193,154,184,530,703,377,521,396,346,345,401,545,660,1177
2013/08/12,general,505,286,206,257,106,68,97,32,89,31,88,38,80,49,69,56,239,271,75,114,49,82,29,85,29,83,33,82,209,97,53,77,154,113,130,117,189,226,203,137,276,402,300,213,322,429,336,187
2013/08/13,general,174,210,366,261,321,264,177,183,159,186,150,204,120,213,105,225,498,627,99,240,90,255,93,477,147,222,174,252,645,273,432,399,756,468,411,273,1122,604,866,560,534,500,1262,968,888,966,1034,656
2013/08/14,general,288,129,68,128,33,89,29,86,29,85,35,77,40,142,130,134,110,112,332,178,546,278,204,302,218,68,168,116,172,146,254,190,676,558,498,212,332,196,304,1190,1804,870,746,758,830,1534,1432,1022
2013/08/15,general,524,444,354,332,144,72,178,60,182,70,158,100,134,174,392,618,58,150,92,76,410,504,250,218,432,416,196,368,92,460,278,206,62,538,420,454,258,452,894,798,1134,1498,956,1000,940,820,580,464
2013/08/16,general,558,158,147,165,35,93,29,88,29,85,29,85,29,84,103,303,170,204,28,81,194,126,72,121,31,97,32,99,30,103,37,89,44,81,163,77,191,110,105,36,96,36,351,512,265,114,295,247
2013/08/17,general,373,489,385,101,106,30,100,30,176,103,110,31,87,48,54,73,30,92,29,90,127,111,98,90,120,72,202,72,143,100,440,93,130,108,156,99,176,354,1094,574,490,287,442,710,317,341,425,344
2013/08/18,general,273,314,225,179,285,312,487,119,192,37,79,46,68,58,57,61,46,71,34,86,28,92,29,92,28,191,205,244,112,162,73,140,71,154,118,346,231,141,138,177,804,908,491,366,427,368,783,363
2013/08/19,general,288,174,93,127,162,86,47,88,45,89,37,91,36,85,42,73,48,234,64,120,105,256,184,386,116,108,100,111,96,273,120,127,122,127,167,355,206,277,462,576,396,443,366,326,200,236,111,218
2013/08/20,general,249,80,48,77,30,88,44,96,46,85,30,67,40,46,60,118,495,314,200,29,80,191,104,71,74,62,65,55,55,59,166,117,80,173,98,310,268,478,251,468,442,437,459,436,399,341,492,286
2013/08/21,general,377,386,203,44,72,64,47,80,27,94,27,95,27,80,260,364,102,160,76,297,121,60,114,53,135,272,102,65,175,117,173,116,368,177,279,131,614,224,274,290,289,334,286,409,459,356,257,438
2013/08/22,general,287,555,185,235,214,215,132,91,38,89,34,91,30,95,259,326,29,234,33,257,115,136,71,115,55,94,32,85,38,83,33,85,35,83,692,356,308,481,486,330,322,354,281,326,396,375,380,219
2013/08/23,general,264,214,106,114,29,100,36,85,47,73,58,60,69,46,308,189,92,30,196,29,96,28,86,37,70,66,206,237,327,91,29,104,30,159,120,212,204,206,227,198,258,173,240,175,314,395,456,240
2013/08/24,general,145,60,120,63,96,33,79,40,70,49,59,67,34,164,58,178,58,182,54,144,88,106,500,398,216,448,474,384,308,460,244,378,220,276,186,324,644,1456,440,606,768,770,488,618,490,676,526,382
2013/08/25,general,256,187,177,182,35,89,30,89,30,89,34,87,30,94,30,78,38,192,117,70,46,87,201,291,103,106,108,135,147,113,136,115,222,242,373,181,236,201,277,786,412,525,287,1469,727,439,336,300
2013/08/26,general,448,311,387,163,121,173,37,87,34,87,57,59,76,39,146,118,87,152,121,31,106,84,137,90,129,195,157,92,122,98,117,101,109,111,191,309,225,451,439,556,443,417,306,283,336,551,289,172
2013/08/27,general,428,182,189,102,132,91,158,127,34,96,39,85,43,76,44,71,350,381,40,89,30,90,29,93,29,95,85,132,216,173,109,154,113,135,124,139,128,259,384,86,103,49,107,45,104,293,465,407
2013/08/28,general,371,77,152,42,87,44,78,52,67,60,59,69,52,70,348,261,34,87,30,88,30,89,38,84,47,81,50,79,102,154,299,185,280,108,180,94,202,517,369,293,384,350,205,105,231,113,320,155
2013/08/29,general,138,122,50,246,98,55,102,30,112,35,77,71,35,118,138,178,38,161,78,305,224,38,101,218,127,133,70,31,125,68,29,120,152,157,215,129,134,285,253,370,373,254,238,460,960,325,500,349
2013/08/30,general,217,128,101,32,95,47,167,130,79,38,103,28,104,199,234,44,151,124,127,87,91,126,124,54,128,65,261,140,85,117,91,28,91,30,99,28,199,212,173,36,88,65,64,77,64,453,247,165
2013/08/31,general,177,278,298,309,38,89,30,96,30,96,30,93,29,91,29,85,38,71,63,150,342,135,85,172,118,174,131,134,256,365,167,212,196,176,124,348,247,190,332,506,1082,801,293,336,244,324,240,316
2013/09/01,general,245,291,258,243,226,132,87,38,95,29,102,28,100,28,93,179,130,69,30,114,28,100,49,90,119,93,151,76,172,69,192,151,276,105,163,302,627,293,229,465,347,316,265,380,255,476,392,312
2013/09/02,general,237,289,178,141,113,30,121,44,95,52,77,65,60,77,50,84,78,109,45,128,207,167,54,177,77,189,83,153,112,155,139,139,257,149,235,370,379,537,377,349,381,223,290,213,329,338,358,309
2013/09/03,general,244,228,97,106,37,107,30,107,30,104,30,100,35,96,31,228,135,146,32,154,187,182,145,135,131,130,129,128,213,127,153,157,125,314,192,306,311,304,448,360,304,363,148,239,294,283,184,130
2013/09/04,general,120,131,149,130,83,86,46,89,42,92,36,98,28,104,70,110,29,137,87,322,115,141,79,153,68,177,50,92,86,67,160,143,162,252,213,159,167,273,182,320,537,294,358,267,445,444,721,354
2013/09/05,general,300,203,235,173,143,85,71,78,55,92,39,187,108,128,59,129,32,102,66,342,170,123,103,115,111,91,124,89,302,104,126,83,152,145,193,144,181,128,303,413,215,262,125,177,416,489,412,366
2013/09/06,general,312,308,200,257,158,153,29,101,35,90,47,78,60,72,115,63,84,125,96,107,228,225,194,166,126,107,224,120,83,152,79,171,70,133,70,130,141,262,198,216,146,103,82,106,82,250,376,301
2013/09/07,general,200,182,194,58,72,49,68,48,69,45,70,48,62,48,63,49,57,54,55,57,53,58,91,87,93,77,236,446,346,150,158,90,190,71,175,79,262,505,295,352,501,512,393,384,282,253,730,393
2013/09/08,general,194,249,143,364,59,74,50,66,57,63,53,68,42,76,30,80,28,82,30,82,30,166,81,125,89,198,211,248,156,79,198,73,229,153,344,71,159,233,442,264,484,282,792,311,339,338,412,741
2013/09/09,general,1180,418,389,386,342,309,145,35,119,34,108,42,82,50,73,55,83,199,66,31,0,0,0,0,0,0,0,0,0,0,0,0,0,0,0,0,0,287,398,314,486,426,443,365,340,435,372,409
2013/09/10,general,298,225,211,87,125,32,103,46,91,55,75,61,65,67,59,71,117,273,165,192,95,412,205,98,31,109,30,133,72,156,81,139,87,128,98,145,143,146,143,309,171,186,360,248,329,254,370,205
2013/09/11,general,245,152,280,57,92,29,95,30,166,118,108,30,89,40,186,73,55,128,148,174,167,96,30,100,30,102,33,117,86,321,108,165,99,145,135,144,119,345,466,305,290,383,434,357,265,299,430,293
2013/09/12,general,255,308,307,260,172,90,45,79,44,76,43,76,46,68,333,96,51,57,183,98,61,73,52,227,96,105,110,101,101,99,103,96,97,144,123,252,144,351,100,223,201,245,174,267,696,679,452,383
2013/09/13,general,451,419,139,282,50,64,59,42,73,29,90,29,79,45,345,322,29,96,117,289,288,96,83,109,251,41,85,133,168,29,159,29,102,103,123,152,170,75,294,69,47,90,38,185,336,427,1061,419
2013/09/14,general,291,470,379,183,252,168,195,68,92,33,77,45,62,60,44,78,29,91,160,195,103,104,233,124,77,224,91,129,83,293,253,146,87,190,108,165,307,248,353,351,463,281,198,355,231,301,249,321
2013/09/15,general,213,163,298,134,30,93,33,88,29,88,28,88,28,90,28,84,27,85,29,79,35,80,37,84,38,160,181,577,85,168,120,269,102,195,151,140,95,187,294,309,384,326,302,275,357,515,412,319
2013/09/16,general,294,244,253,172,189,37,98,40,82,58,59,78,39,87,28,85,114,190,120,213,301,94,98,159,167,120,167,83,115,69,116,56,115,55,114,60,432,349,285,242,246,316,249,286,203,293,276,430
2013/09/17,general,481,420,240,196,132,112,156,84,174,70,182,60,176,60,328,220,186,468,254,124,224,386,218,150,420,242,246,210,374,224,254,266,218,396,206,240,610,602,570,898,588,710,620,948,710,516,1034,664
2013/09/18,general,344,103,29,95,48,173,127,60,81,55,81,44,91,36,115,43,92,32,134,86,77,70,55,89,38,107,29,99,38,89,56,126,256,62,133,88,108,76,128,634,362,414,359,881,427,374,312,315
2013/09/19,general,275,744,236,312,156,86,170,58,168,66,156,106,124,122,340,148,74,456,68,162,56,162,56,164,66,156,84,138,104,116,128,108,350,102,196,260,218,118,214,220,448,442,614,864,516,694,538,634
2013/09/20,general,550,506,232,124,125,138,76,46,80,42,75,42,68,49,304,155,57,149,84,60,50,64,47,68,53,98,95,106,100,97,100,101,103,93,105,88,108,84,282,425,311,201,273,233,270,255,270,252
2013/09/21,general,358,354,98,150,64,176,58,182,58,168,58,140,94,388,220,58,164,56,270,1430,190,216,938,140,144,104,109,151,96,157,88,213,127,135,74,138,76,270,169,158,87,171,400,250,188,252,184,296
2013/09/22,general,378,1384,920,1472,168,360,120,360,120,356,120,352,120,336,136,312,156,292,188,264,204,256,280,304,292,256,448,258,550,350,1246,424,250,378,232,694,924,562,418,706,532,652,508,638,504,640,500,694
2013/09/23,general,259,730,612,662,560,368,58,182,58,176,58,174,64,166,66,162,72,158,236,238,126,542,160,312,204,150,502,670,624,340,212,412,410,380,336,412,212,460,668,622,578,780,462,566,746,716,578,522
2013/09/24,general,548,700,422,110,202,58,200,58,198,56,190,76,170,88,334,254,132,122,154,108,260,330,658,248,514,394,240,352,174,148,62,137,57,119,68,103,190,114,182,135,385,287,278,316,308,288,376,356
2013/09/25,general,339,501,152,93,46,101,40,108,31,109,30,106,68,153,31,101,34,95,48,83,59,74,72,63,88,49,144,91,249,115,157,132,146,199,221,177,132,201,168,178,512,306,303,292,331,256,349,406
2013/09/26,general,450,460,466,286,216,58,218,60,200,58,196,58,194,58,184,62,172,216,162,196,554,352,214,110,216,62,182,162,314,776,246,266,276,296,262,322,210,336,238,752,428,760,314,574,794,508,658,356
2013/09/27,general,502,64,100,30,75,52,35,101,30,76,52,30,95,30,51,72,31,251,554,151,84,133,49,71,148,232,96,151,100,33,106,33,118,41,96,39,150,289,194,216,197,194,161,206,235,377,273,288
2013/09/28,general,202,384,98,198,58,150,92,114,144,62,188,60,310,204,192,58,162,98,78,174,60,196,62,138,112,86,252,146,396,374,440,148,276,208,262,338,424,476,1842,870,556,1078,950,930,588,660,506,640
2013/09/29,general,512,678,440,318,246,100,162,60,184,62,238,256,228,60,106,152,60,190,60,118,134,64,212,282,626,276,1138,2052,684,208,226,354,378,272,348,554,618,476,520,564,510,592,592,782,836,926,544,604
2013/09/30,general,526,334,269,370,327,181,113,110,30,104,33,97,33,86,40,77,49,66,60,122,242,36,113,52,115,49,272,69,150,102,141,111,137,114,240,188,279,188,132,144,183,146,97,238,277,289,289,544
2013/10/01,general,311,314,256,249,162,187,111,93,36,98,34,103,28,103,28,101,29,131,69,95,51,140,69,135,66,130,70,129,86,132,73,234,175,191,99,149,378,507,375,291,165,137,231,331,186,550,230,281
2013/10/02,general,312,259,294,272,263,201,165,91,111,30,80,44,57,70,295,249,30,170,30,80,39,197,50,53,70,35,272,54,182,128,91,88,119,88,186,94,220,114,302,308,487,397,367,325,391,480,388,478
2013/10/03,general,391,190,77,113,30,93,30,94,30,77,51,45,77,29,150,165,81,98,106,278,31,91,31,91,30,144,104,107,30,91,74,93,87,48,109,38,92,52,154,105,242,393,287,101,127,240,269,261
2013/10/04,general,430,289,185,136,39,95,32,81,37,53,66,30,82,30,76,51,292,241,33,272,35,92,117,112,100,373,133,134,73,136,104,97,113,112,153,136,90,183,89,192,68,118,78,107,160,184,207,137
2013/10/05,general,216,125,393,219,331,31,88,41,73,55,56,70,38,89,30,156,126,83,29,107,30,82,47,62,68,40,116,152,116,65,311,137,148,124,143,53,339,425,535,411,343,378,337,198,276,201,324,249
2013/10/06,general,335,686,447,269,241,323,394,57,72,68,62,75,53,75,49,77,47,78,43,81,40,137,36,89,32,94,39,104,80,91,153,84,115,70,227,222,271,218,312,328,454,522,431,331,345,1143,919,321
2013/10/07,general,301,223,263,172,80,63,58,79,45,89,29,86,29,85,215,261,77,64,64,51,76,42,86,34,92,30,95,32,112,37,92,71,229,89,117,172,136,179,83,158,104,169,372,379,244,363,278,295
2013/10/08,general,101,226,31,93,31,94,30,91,30,92,30,88,30,88,186,113,161,88,30,91,230,161,528,182,95,97,130,77,124,51,200,180,133,62,106,180,231,345,282,363,377,410,291,320,311,245,283,263
2013/10/09,general,250,88,88,50,71,68,54,79,39,91,136,132,101,336,31,89,32,87,45,185,112,99,34,113,28,109,28,112,29,114,29,115,35,150,89,182,194,202,238,215,246,156,248,253,330,372,337,253
2013/10/10,general,160,45,104,167,130,80,60,89,54,88,54,84,57,111,74,60,82,53,85,48,90,45,93,46,288,106,149,75,144,75,146,74,292,255,229,132,210,194,312,254,170,128,169,193,255,315,250,142
2013/10/11,general,107,102,92,79,48,74,44,76,41,75,41,71,204,92,48,60,54,56,59,109,71,48,188,94,63,117,83,142,36,118,31,238,46,183,115,110,63,212,128,269,166,243,332,404,221,276,176,233
2013/10/12,general,103,138,62,61,70,51,76,44,80,45,79,39,78,39,75,41,77,42,81,49,181,45,87,47,88,71,152,216,232,185,615,284,169,161,79,174,101,182,140,198,111,371,114,197,208,202,116,197
2013/10/13,general,140,280,64,112,90,135,44,86,49,78,54,71,63,90,106,134,125,42,87,51,75,53,72,52,136,116,144,114,209,204,184,132,820,677,226,225,256,219,331,329,315,285,328,309,355,653,677,436
2013/10/14,general,164,184,30,88,39,80,51,173,125,37,82,42,77,40,74,133,175,40,181,97,124,95,116,82,129,72,129,78,143,78,129,87,116,185,172,265,347,288,255,330,273,313,465,458,485,313,322,199
2013/10/15,general,207,158,222,140,109,66,68,64,56,78,52,79,37,274,192,151,30,84,32,85,48,72,63,57,80,39,112,266,188,77,138,82,128,103,154,357,232,316,298,300,302,284,405,356,705,316,243,106
2013/10/16,general,78,58,65,68,51,80,39,88,29,85,29,84,304,311,28,205,65,68,61,58,70,50,78,41,86,32,95,28,97,29,101,118,145,165,135,99,223,193,405,481,296,273,297,274,452,354,355,299
2013/10/17,general,124,338,33,105,42,93,58,77,67,61,81,45,102,56,91,41,84,210,67,80,49,94,35,101,29,155,128,73,66,72,65,63,86,253,189,106,230,178,227,356,431,275,248,290,418,247,196,121
2013/10/18,general,75,98,93,88,89,45,75,41,74,37,73,38,342,136,72,38,144,188,131,144,115,29,102,29,96,29,93,29,94,29,99,30,95,37,87,44,79,51,70,93,259,184,161,190,191,225,160,124
2013/10/19,general,32,89,29,92,30,90,33,84,37,79,41,77,39,74,42,160,125,46,74,57,69,58,71,64,66,65,91,630,221,253,184,72,254,252,226,286,174,289,222,297,246,323,342,354,318,528,670,416
2013/10/20,general,351,366,277,422,85,116,31,106,39,94,60,76,71,61,85,45,101,36,282,52,131,51,145,54,130,106,163,153,264,100,157,214,184,175,104,192,116,193,157,344,125,198,147,174,183,239,179,320
2013/10/21,general,285,111,102,90,86,97,64,116,44,106,52,75,77,54,139,143,129,46,238,90,149,73,461,257,121,205,59,128,51,105,43,93,64,70,91,215,259,217,324,316,263,322,261,323,280,268,330,465
2013/10/22,general,266,291,234,194,43,101,57,80,82,44,93,39,81,100,295,118,35,265,62,69,78,40,88,117,89,79,46,116,64,96,94,230,111,53,120,138,117,275,334,326,253,145,222,131,207,167,177,94
2013/10/23,general,94,123,37,90,34,90,56,63,79,40,87,30,102,75,65,76,38,85,36,107,227,115,85,120,132,70,61,82,41,91,36,182,114,72,65,155,240,220,385,265,277,290,263,309,254,284,307,268
2013/10/24,general,179,130,95,60,59,80,33,80,33,75,56,53,71,36,237,40,81,30,80,35,77,49,150,125,73,135,282,127,137,231,172,124,133,132,211,125,162,305,235,203,267,505,279,476,312,259,249,179
2013/10/25,general,137,78,31,86,33,80,44,67,53,52,249,73,461,87,60,44,65,39,70,37,97,47,101,112,394,74,123,86,116,100,200,163,71,145,76,132,79,465,185,270,178,235,191,216,208,214,214,169
2013/10/26,general,142,41,81,31,82,30,82,30,82,31,82,30,79,30,77,30,79,31,76,37,73,40,66,52,59,183,173,254,88,136,81,236,226,132,116,141,162,289,258,257,287,372,461,356,347,321,235,561
2013/10/27,general,223,265,154,171,176,73,58,66,62,61,64,60,63,55,66,49,73,41,115,154,226,180,172,56,103,140,149,112,120,277,321,115,106,246,234,247,224,244,265,387,306,251,303,259,235,254,206,253
2013/10/28,general,275,176,264,46,79,69,50,91,31,85,32,81,49,165,123,29,92,29,87,30,87,170,165,236,283,162,170,277,115,129,361,120,154,153,157,93,148,316,282,274,460,582,279,309,328,317,311,327
2013/10/29,general,299,257,175,170,102,103,43,84,60,63,82,31,83,36,79,56,319,100,41,91,40,89,181,213,135,62,178,147,124,100,180,91,128,180,236,222,144,155,402,289,291,299,305,471,373,402,280,469
2013/10/30,general,246,195,199,73,96,30,96,34,94,30,95,36,355,48,98,34,91,30,87,31,127,244,210,96,158,157,191,147,174,179,147,222,200,353,215,279,203,349,274,194,298,278,354,252,427,525,207,149
2013/10/31,general,184,87,114,35,91,34,92,34,87,34,89,117,238,67,92,29,90,29,92,29,154,176,111,51,242,140,154,72,257,84,131,94,114,107,97,117,95,171,203,283,196,258,239,396,284,365,201,255
2013/11/01,general,126,132,127,107,29,94,30,92,29,99,30,89,329,103,30,91,33,125,128,173,300,191,150,89,187,93,152,55,117,29,109,44,89,234,161,132,175,173,379,207,239,209,226,213,359,401,225,307
2013/11/02,general,363,286,292,123,106,36,105,30,105,30,104,30,101,30,100,30,105,32,138,42,98,52,85,73,69,131,91,170,481,446,187,305,254,222,304,270,284,198,253,272,197,288,215,350,327,314,296,306
2013/11/03,general,321,261,319,111,123,29,121,32,114,34,104,39,175,97,128,49,83,75,58,92,41,105,34,129,38,147,74,146,98,122,202,155,196,122,145,226,253,191,322,196,268,199,906,310,313,272,285,674
2013/11/04,general,342,329,284,269,127,100,35,79,47,65,57,54,66,49,210,57,82,27,84,28,84,69,125,317,127,129,95,583,144,214,135,240,181,99,124,53,107,151,249,186,127,127,71,360,326,227,127,163
2013/11/05,general,108,143,131,124,69,50,78,45,75,43,77,35,81,35,81,106,104,51,108,48,108,49,130,87,157,119,146,117,148,138,127,145,125,134,164,276,414,329,302,330,169,208,167,159,224,373,263,301
2013/11/06,general,176,186,81,108,95,58,82,40,94,31,90,31,98,66,65,72,53,84,44,113,67,111,48,145,79,144,160,154,246,89,126,677,246,240,196,217,255,231,257,264,139,155,87,249,177,347,181,164
2013/11/07,general,136,139,145,96,199,178,191,45,107,69,72,77,70,119,45,101,37,130,29,115,84,62,116,46,144,91,94,114,71,137,58,146,57,193,116,164,154,100,108,125,81,129,232,233,191,274,209,280
2013/11/08,general,204,128,59,100,48,89,48,85,49,83,49,83,47,89,40,90,38,92,35,167,246,165,30,114,32,101,72,170,109,144,92,139,90,132,69,107,52,107,48,107,44,110,41,109,37,111,56,113
2013/11/09,general,50,134,70,131,56,120,82,163,128,67,52,86,35,90,29,92,29,96,29,127,31,255,69,192,133,157,36,103,36,103,29,101,35,229,144,214,139,198,138,209,142,195,133,223,140,228,328,535
2013/11/10,general,189,304,299,106,210,47,100,40,96,40,83,45,71,54,56,69,43,83,30,86,27,89,47,119,69,54,87,79,133,198,163,141,121,193,78,132,74,567,880,635,275,247,288,229,343,382,251,250
2013/11/11,general,416,226,252,224,111,149,55,65,63,54,73,41,289,38,82,32,93,29,102,88,246,35,104,39,90,48,80,58,70,68,64,74,98,223,136,88,56,162,140,284,268,239,562,261,326,297,290,338
2013/11/12,general,175,217,118,59,211,29,92,32,90,33,85,168,95,58,57,70,46,82,34,88,29,88,97,102,235,523,361,125,93,72,216,158,290,162,327,184,330,357,253,266,240,277,311,358,284,294,543,217
2013/11/13,general,285,170,97,79,40,85,30,83,43,75,291,128,74,35,79,28,83,28,84,29,83,266,121,59,106,130,172,130,32,98,33,94,30,88,30,94,66,127,89,309,269,498,289,269,281,218,393,539
2013/11/14,general,169,32,85,34,79,50,66,57,55,67,44,78,216,420,30,78,28,79,29,98,38,76,151,238,180,143,290,262,133,160,224,76,73,58,67,87,68,96,114,204,304,273,227,276,245,250,282,274
2013/11/15,general,619,277,145,140,29,85,47,66,74,33,79,31,74,240,98,156,54,152,62,560,348,70,336,254,234,102,212,96,182,128,128,144,94,176,58,404,300,408,350,438,720,518,626,876,848,714,538,770
2013/11/16,general,298,178,56,162,112,118,144,74,162,54,158,76,132,248,434,154,94,116,258,228,216,126,188,150,122,186,72,202,86,194,142,154,166,186,318,164,244,168,366,422,484,606,504,572,974,918,598,620
2013/11/17,general,364,498,216,275,134,30,83,57,52,128,131,94,41,76,237,63,79,28,79,42,63,71,36,80,44,118,101,55,105,63,84,98,72,120,58,109,79,71,316,170,206,87,80,123,93,267,283,192
2013/11/18,general,185,110,104,60,167,128,39,92,29,87,50,65,73,35,114,63,75,61,51,87,29,92,48,76,73,52,97,29,109,34,109,47,96,88,59,179,137,126,78,130,142,81,274,518,483,253,168,135
2013/11/19,general,110,93,102,41,86,72,53,94,40,79,74,45,95,70,53,95,33,92,62,68,87,47,123,55,114,62,96,81,163,136,114,52,187,41,111,141,94,70,75,107,142,169,94,169,139,195,242,262
2013/11/20,general,234,123,215,133,98,68,60,96,35,88,139,96,127,31,106,95,451,147,75,109,39,86,104,58,96,37,89,68,79,104,45,106,58,160,121,82,139,156,200,149,166,98,102,131,305,493,427,316
2013/11/21,general,278,167,183,138,106,120,29,89,59,58,85,29,84,56,57,84,29,150,189,161,166,98,138,101,159,133,108,153,83,150,101,135,113,246,161,31,163,141,109,44,108,84,109,93,86,104,115,451
2013/11/22,general,100,280,146,190,196,114,192,68,178,126,118,172,62,176,90,152,156,90,180,58,208,158,168,1232,598,356,268,270,212,124,276,146,248,54,244,56,232,64,218,74,286,152,242,126,238,114,450,326
2013/11/23,general,470,179,190,149,143,77,64,135,103,123,29,108,28,101,28,98,28,93,30,92,37,87,45,82,53,312,291,1135,232,103,125,104,154,75,169,111,264,262,178,208,278,483,439,299,315,318,323,202
2013/11/24,general,265,160,225,143,139,34,95,37,92,43,89,38,87,37,88,38,88,37,86,36,85,36,86,35,89,203,124,32,128,182,225,137,121,101,213,572,291,231,244,243,274,275,277,272,325,187,287,210
2013/11/25,general,274,246,174,71,239,114,102,30,107,33,98,29,147,67,91,38,87,58,104,74,92,84,80,144,94,79,75,66,60,77,115,106,80,129,80,128,53,137,53,121,185,223,206,104,581,380,279,266
2013/11/26,general,115,91,57,59,86,35,74,75,38,80,48,58,77,28,79,55,53,84,27,91,58,75,448,102,130,70,93,80,71,102,338,228,137,62,121,173,238,250,289,197,256,256,237,155,222,131,239,300
2013/11/27,general,336,158,175,93,96,73,65,95,33,97,60,65,100,157,130,32,109,47,95,63,93,214,106,139,125,325,456,169,129,110,128,124,188,196,310,223,290,204,290,254,400,409,433,378,364,278,330,279
2013/11/28,general,371,262,151,176,58,140,66,122,77,108,90,99,93,96,97,122,100,55,194,146,165,52,109,55,128,38,119,43,93,60,75,79,64,125,51,120,69,98,76,71,109,157,304,210,272,286,269,227
2013/11/29,general,264,166,255,149,126,32,111,37,107,28,102,28,98,39,86,54,67,70,49,89,30,336,42,196,70,65,112,36,106,69,67,98,30,123,85,195,126,74,75,40,140,123,65,74,66,135,151,269
2013/11/30,general,237,147,148,160,235,51,60,81,29,80,48,59,79,29,77,47,59,78,29,80,46,62,76,32,88,192,153,627,122,221,90,132,154,87,245,271,188,105,159,134,154,300,331,317,282,258,293,182
2013/12/01,general,330,138,139,96,55,53,79,32,74,66,38,77,40,64,75,30,82,47,63,79,63,235,79,96,112,104,211,108,155,210,210,93,147,153,243,181,290,236,259,280,275,243,286,265,283,263,236,288
2013/12/02,general,152,99,97,80,112,52,109,86,145,129,46,111,36,98,61,75,86,56,103,39,119,38,249,539,168,95,131,89,131,76,168,118,153,187,289,281,280,277,280,266,274,403,315,338,286,233,306,223
2013/12/03,general,189,76,137,59,117,86,87,107,57,120,78,167,165,196,121,39,122,35,119,41,114,46,106,54,100,59,96,62,86,70,80,78,74,84,70,89,66,95,65,280,245,286,269,252,269,219,286,132
2013/12/04,general,231,112,79,119,42,113,42,94,67,75,159,49,110,30,100,55,75,79,63,90,41,171,101,110,43,97,56,76,74,55,96,34,227,171,201,191,219,255,126,223,177,342,215,188,234,192,206,172
2013/12/05,general,163,155,44,86,38,76,64,48,84,28,82,43,158,124,35,91,27,90,28,89,44,73,217,125,130,64,128,29,111,72,158,58,84,53,62,79,175,228,166,334,206,237,251,211,283,195,223,202
2013/12/06,general,169,84,29,83,36,75,57,165,124,31,88,29,167,29,80,29,80,28,84,33,78,46,65,61,52,76,37,86,28,86,29,85,57,80,65,52,87,31,90,66,293,144,194,163,302,272,132,121
2013/12/07,general,112,116,85,95,104,70,130,115,69,58,65,65,54,73,42,85,30,89,27,92,34,97,251,65,118,42,102,47,80,67,59,138,52,163,131,198,196,320,214,236,313,229,270,237,298,271,208,243
2013/12/08,general,145,206,43,97,57,70,85,44,93,37,84,64,57,88,33,96,40,87,62,95,88,55,103,51,101,39,112,30,115,36,157,160,166,72,164,77,142,70,146,124,235,163,240,165,169,264,245,234
2013/12/09,general,158,243,136,145,49,91,62,74,77,57,92,43,120,144,125,28,108,79,100,49,81,65,80,132,77,129,76,111,61,88,84,62,92,53,133,73,147,76,190,124,142,190,112,160,117,416,359,376
2013/12/10,general,321,193,149,44,97,38,87,62,56,86,30,86,42,73,67,51,87,31,91,34,90,225,477,272,356,232,117,193,155,309,165,97,176,94,194,566,338,188,201,165,242,379,352,322,292,336,292,373
2013/12/11,general,280,386,147,130,130,89,138,103,116,135,77,132,110,97,132,88,126,123,94,148,136,255,189,284,380,273,149,197,167,203,151,151,133,95,175,258,256,247,233,261,243,323,333,322,354,531,422,332
2013/12/12,general,243,225,157,71,94,42,77,79,43,181,105,76,140,57,91,35,90,67,68,96,29,88,71,94,88,39,191,55,97,88,76,211,68,96,96,92,289,135,140,141,110,209,197,259,268,287,396,316
2013/12/13,general,263,233,227,211,57,86,75,47,92,49,69,86,30,87,66,49,89,42,77,79,174,183,205,124,132,63,140,81,103,250,111,223,120,226,170,131,99,127,114,114,373,382,286,256,275,282,225,318
2013/12/14,general,240,110,105,68,50,87,61,59,85,45,68,83,35,79,78,34,83,64,48,84,49,300,131,44,112,48,97,78,97,80,92,130,64,99,79,178,207,155,254,1001,706,308,198,243,270,218,251,213
2013/12/15,general,133,181,77,61,81,79,120,131,99,81,51,72,205,75,48,65,81,74,48,70,81,73,51,81,93,69,70,134,92,97,133,70,124,106,282,245,204,209,147,170,213,157,686,239,206,231,247,252
2013/12/16,general,136,99,75,48,90,53,66,90,32,95,187,54,89,58,67,86,29,80,72,55,99,63,90,107,56,111,80,88,154,84,187,107,247,278,241,206,259,196,214,232,209,446,266,315,270,250,356,296
2013/12/17,general,197,164,54,90,77,45,92,63,55,88,53,63,85,42,71,81,36,76,121,140,326,59,157,140,112,143,118,170,202,132,199,122,174,187,124,292,230,216,386,223,391,316,338,311,172,227,195,209
2013/12/18,general,192,144,100,119,138,114,46,82,80,46,89,55,59,86,41,72,82,30,86,69,48,89,216,95,102,150,421,152,156,145,78,114,72,76,276,253,287,234,254,224,234,282,206,279,319,335,272,274
2013/12/19,general,200,180,119,137,105,102,118,68,126,48,123,70,105,82,84,103,69,144,144,296,163,137,560,217,231,201,230,186,186,279,233,162,206,171,136,182,189,239,199,238,239,361,398,503,431,360,379,270
2013/12/20,general,244,211,190,148,143,138,143,113,162,93,165,104,147,180,158,177,181,150,218,172,198,208,143,248,207,135,216,211,128,138,65,105,72,131,152,217,278,180,178,110,207,128,189,171,478,468,293,260
2013/12/21,general,194,149,163,74,113,82,65,96,39,85,76,46,92,58,65,92,35,84,73,46,177,230,292,114,103,110,78,124,45,121,84,93,81,70,129,122,70,78,97,77,170,165,97,92,56,108,66,268
2013/12/22,general,250,237,236,147,232,143,72,91,54,107,34,99,62,68,92,38,98,53,81,76,51,99,74,244,171,117,149,98,127,210,138,148,71,113,83,90,97,171,140,93,83,88,274,417,282,409,230,227
2013/12/23,general,221,225,186,229,60,103,62,68,96,35,92,71,51,91,49,70,87,33,88,66,51,186,224,185,73,105,106,80,157,60,89,68,60,94,34,101,323,224,163,172,216,192,263,379,280,163,257,213
2013/12/24,general,111,135,67,63,96,37,162,130,67,89,47,96,37,83,69,53,92,29,94,56,70,84,44,281,68,135,76,81,86,207,126,412,168,219,191,220,244,314,342,294,293,278,477,321,368,306,280,187
2013/12/25,general,124,132,64,121,96,55,100,65,61,90,49,70,88,34,87,71,53,102,33,97,71,171,244,150,154,85,109,138,59,384,238,150,212,178,303,318,325,242,373,368,325,344,233,332,267,342,314,608
2013/12/26,general,363,249,278,193,156,90,116,73,129,57,138,55,100,76,83,86,71,100,52,117,42,111,177,152,165,269,627,261,175,72,108,58,112,53,124,128,261,133,222,132,244,448,253,217,185,214,226,280
2013/12/27,general,197,225,175,133,150,75,127,64,116,41,116,48,99,71,80,84,58,106,35,106,57,140,262,126,101,33,108,47,91,65,73,82,63,91,57,139,120,126,32,124,36,119,29,113,175,268,194,223
2013/12/28,general,180,195,195,164,200,132,147,43,120,34,127,32,124,41,108,48,165,100,128,76,73,96,57,129,183,164,397,1324,216,200,150,99,195,133,69,187,225,158,226,245,333,264,308,304,228,318,246,549
2013/12/29,general,248,221,240,186,137,155,126,75,67,80,63,80,58,84,54,89,53,90,52,89,53,88,54,87,317,175,119,56,132,39,125,76,126,53,102,123,101,124,38,216,224,204,54,338,233,300,258,339
2013/12/30,general,326,492,511,286,232,38,125,46,99,56,85,59,79,62,76,69,68,75,63,93,44,102,73,173,203,182,105,107,47,95,51,117,181,223,165,137,69,130,50,150,69,171,238,274,186,295,280,252
2013/12/31,general,260,228,281,215,190,70,101,53,72,72,48,87,29,90,37,85,56,66,76,48,98,119,244,217,245,132,190,82,149,142,122,128,142,166,94,160,116,113,117,96,187,40,112,68,87,222,269,293
